category	entry_no	entry	synonym	source
SC	1	Adi Dharmi	Adi Dharmi	sje.rajasthan.gov.in PageID=65
SC	2	Aheri	Aheri	sje.rajasthan.gov.in PageID=65
SC	3	Badi	Badi	sje.rajasthan.gov.in PageID=65
SC	4	Bagri, Bagdi	Bagri	sje.rajasthan.gov.in PageID=65
SC	4	Bagri, Bagdi	Bagdi	sje.rajasthan.gov.in PageID=65
SC	5	Bairwa, Berwa	Bairwa	sje.rajasthan.gov.in PageID=65
SC	5	Bairwa, Berwa	Berwa	sje.rajasthan.gov.in PageID=65
SC	6	Bajgar	Bajgar	sje.rajasthan.gov.in PageID=65
SC	7	Balai	Balai	sje.rajasthan.gov.in PageID=65
SC	8	Bansphor, Bansphod	Bansphor	sje.rajasthan.gov.in PageID=65
SC	8	Bansphor, Bansphod	Bansphod	sje.rajasthan.gov.in PageID=65
SC	9	Baori	Baori	sje.rajasthan.gov.in PageID=65
SC	10	Bargi, Vargi, Birgi	Bargi	sje.rajasthan.gov.in PageID=65
SC	10	Bargi, Vargi, Birgi	Vargi	sje.rajasthan.gov.in PageID=65
SC	10	Bargi, Vargi, Birgi	Birgi	sje.rajasthan.gov.in PageID=65
SC	11	Bawaria	Bawaria	sje.rajasthan.gov.in PageID=65
SC	12	Bedia, Baria	Bedia	sje.rajasthan.gov.in PageID=65
SC	12	Bedia, Baria	Baria	sje.rajasthan.gov.in PageID=65
SC	13	Bhand	Bhand	sje.rajasthan.gov.in PageID=65
SC	14	Bhangi, Chura, Mehtar, Olgana, Rukhi, Malkana, Halalkhor, Lalbegi, Balmiki, Valmiki, Korar, Zadmalli	Bhangi	sje.rajasthan.gov.in PageID=65
SC	14	Bhangi, Chura, Mehtar, Olgana, Rukhi, Malkana, Halalkhor, Lalbegi, Balmiki, Valmiki, Korar, Zadmalli	Chura	sje.rajasthan.gov.in PageID=65
SC	14	Bhangi, Chura, Mehtar, Olgana, Rukhi, Malkana, Halalkhor, Lalbegi, Balmiki, Valmiki, Korar, Zadmalli	Mehtar	sje.rajasthan.gov.in PageID=65
SC	14	Bhangi, Chura, Mehtar, Olgana, Rukhi, Malkana, Halalkhor, Lalbegi, Balmiki, Valmiki, Korar, Zadmalli	Olgana	sje.rajasthan.gov.in PageID=65
SC	14	Bhangi, Chura, Mehtar, Olgana, Rukhi, Malkana, Halalkhor, Lalbegi, Balmiki, Valmiki, Korar, Zadmalli	Rukhi	sje.rajasthan.gov.in PageID=65
SC	14	Bhangi, Chura, Mehtar, Olgana, Rukhi, Malkana, Halalkhor, Lalbegi, Balmiki, Valmiki, Korar, Zadmalli	Malkana	sje.rajasthan.gov.in PageID=65
SC	14	Bhangi, Chura, Mehtar, Olgana, Rukhi, Malkana, Halalkhor, Lalbegi, Balmiki, Valmiki, Korar, Zadmalli	Halalkhor	sje.rajasthan.gov.in PageID=65
SC	14	Bhangi, Chura, Mehtar, Olgana, Rukhi, Malkana, Halalkhor, Lalbegi, Balmiki, Valmiki, Korar, Zadmalli	Lalbegi	sje.rajasthan.gov.in PageID=65
SC	14	Bhangi, Chura, Mehtar, Olgana, Rukhi, Malkana, Halalkhor, Lalbegi, Balmiki, Valmiki, Korar, Zadmalli	Balmiki	sje.rajasthan.gov.in PageID=65
SC	14	Bhangi, Chura, Mehtar, Olgana, Rukhi, Malkana, Halalkhor, Lalbegi, Balmiki, Valmiki, Korar, Zadmalli	Valmiki	sje.rajasthan.gov.in PageID=65
SC	14	Bhangi, Chura, Mehtar, Olgana, Rukhi, Malkana, Halalkhor, Lalbegi, Balmiki, Valmiki, Korar, Zadmalli	Korar	sje.rajasthan.gov.in PageID=65
SC	14	Bhangi, Chura, Mehtar, Olgana, Rukhi, Malkana, Halalkhor, Lalbegi, Balmiki, Valmiki, Korar, Zadmalli	Zadmalli	sje.rajasthan.gov.in PageID=65
SC	15	Bidakia	Bidakia	sje.rajasthan.gov.in PageID=65
SC	16	Bola	Bola	sje.rajasthan.gov.in PageID=65
SC	17	Chamar, Bhambhi, Bambhi, Jatia, Jatava, Mochi, Raidas, Rohidas, Regar, Raigar, Ramdasia, Asadaru, Asodi, Chamadia, Chambhar, Chamgar, Haralavya, Harali, Khalpa, Machigar, Mochigar, Madar, Madig, Telegu, Mochi, Kamati, Mochi, Ranigar, Rohit, Samgar	Chamar	sje.rajasthan.gov.in PageID=65
SC	17	Chamar, Bhambhi, Bambhi, Jatia, Jatava, Mochi, Raidas, Rohidas, Regar, Raigar, Ramdasia, Asadaru, Asodi, Chamadia, Chambhar, Chamgar, Haralavya, Harali, Khalpa, Machigar, Mochigar, Madar, Madig, Telegu, Mochi, Kamati, Mochi, Ranigar, Rohit, Samgar	Bhambhi	sje.rajasthan.gov.in PageID=65
SC	17	Chamar, Bhambhi, Bambhi, Jatia, Jatava, Mochi, Raidas, Rohidas, Regar, Raigar, Ramdasia, Asadaru, Asodi, Chamadia, Chambhar, Chamgar, Haralavya, Harali, Khalpa, Machigar, Mochigar, Madar, Madig, Telegu, Mochi, Kamati, Mochi, Ranigar, Rohit, Samgar	Bambhi	sje.rajasthan.gov.in PageID=65
SC	17	Chamar, Bhambhi, Bambhi, Jatia, Jatava, Mochi, Raidas, Rohidas, Regar, Raigar, Ramdasia, Asadaru, Asodi, Chamadia, Chambhar, Chamgar, Haralavya, Harali, Khalpa, Machigar, Mochigar, Madar, Madig, Telegu, Mochi, Kamati, Mochi, Ranigar, Rohit, Samgar	Jatia	sje.rajasthan.gov.in PageID=65
SC	17	Chamar, Bhambhi, Bambhi, Jatia, Jatava, Mochi, Raidas, Rohidas, Regar, Raigar, Ramdasia, Asadaru, Asodi, Chamadia, Chambhar, Chamgar, Haralavya, Harali, Khalpa, Machigar, Mochigar, Madar, Madig, Telegu, Mochi, Kamati, Mochi, Ranigar, Rohit, Samgar	Jatava	sje.rajasthan.gov.in PageID=65
SC	17	Chamar, Bhambhi, Bambhi, Jatia, Jatava, Mochi, Raidas, Rohidas, Regar, Raigar, Ramdasia, Asadaru, Asodi, Chamadia, Chambhar, Chamgar, Haralavya, Harali, Khalpa, Machigar, Mochigar, Madar, Madig, Telegu, Mochi, Kamati, Mochi, Ranigar, Rohit, Samgar	Mochi	sje.rajasthan.gov.in PageID=65
SC	17	Chamar, Bhambhi, Bambhi, Jatia, Jatava, Mochi, Raidas, Rohidas, Regar, Raigar, Ramdasia, Asadaru, Asodi, Chamadia, Chambhar, Chamgar, Haralavya, Harali, Khalpa, Machigar, Mochigar, Madar, Madig, Telegu, Mochi, Kamati, Mochi, Ranigar, Rohit, Samgar	Raidas	sje.rajasthan.gov.in PageID=65
SC	17	Chamar, Bhambhi, Bambhi, Jatia, Jatava, Mochi, Raidas, Rohidas, Regar, Raigar, Ramdasia, Asadaru, Asodi, Chamadia, Chambhar, Chamgar, Haralavya, Harali, Khalpa, Machigar, Mochigar, Madar, Madig, Telegu, Mochi, Kamati, Mochi, Ranigar, Rohit, Samgar	Rohidas	sje.rajasthan.gov.in PageID=65
SC	17	Chamar, Bhambhi, Bambhi, Jatia, Jatava, Mochi, Raidas, Rohidas, Regar, Raigar, Ramdasia, Asadaru, Asodi, Chamadia, Chambhar, Chamgar, Haralavya, Harali, Khalpa, Machigar, Mochigar, Madar, Madig, Telegu, Mochi, Kamati, Mochi, Ranigar, Rohit, Samgar	Regar	sje.rajasthan.gov.in PageID=65
SC	17	Chamar, Bhambhi, Bambhi, Jatia, Jatava, Mochi, Raidas, Rohidas, Regar, Raigar, Ramdasia, Asadaru, Asodi, Chamadia, Chambhar, Chamgar, Haralavya, Harali, Khalpa, Machigar, Mochigar, Madar, Madig, Telegu, Mochi, Kamati, Mochi, Ranigar, Rohit, Samgar	Raigar	sje.rajasthan.gov.in PageID=65
SC	17	Chamar, Bhambhi, Bambhi, Jatia, Jatava, Mochi, Raidas, Rohidas, Regar, Raigar, Ramdasia, Asadaru, Asodi, Chamadia, Chambhar, Chamgar, Haralavya, Harali, Khalpa, Machigar, Mochigar, Madar, Madig, Telegu, Mochi, Kamati, Mochi, Ranigar, Rohit, Samgar	Ramdasia	sje.rajasthan.gov.in PageID=65
SC	17	Chamar, Bhambhi, Bambhi, Jatia, Jatava, Mochi, Raidas, Rohidas, Regar, Raigar, Ramdasia, Asadaru, Asodi, Chamadia, Chambhar, Chamgar, Haralavya, Harali, Khalpa, Machigar, Mochigar, Madar, Madig, Telegu, Mochi, Kamati, Mochi, Ranigar, Rohit, Samgar	Asadaru	sje.rajasthan.gov.in PageID=65
SC	17	Chamar, Bhambhi, Bambhi, Jatia, Jatava, Mochi, Raidas, Rohidas, Regar, Raigar, Ramdasia, Asadaru, Asodi, Chamadia, Chambhar, Chamgar, Haralavya, Harali, Khalpa, Machigar, Mochigar, Madar, Madig, Telegu, Mochi, Kamati, Mochi, Ranigar, Rohit, Samgar	Asodi	sje.rajasthan.gov.in PageID=65
SC	17	Chamar, Bhambhi, Bambhi, Jatia, Jatava, Mochi, Raidas, Rohidas, Regar, Raigar, Ramdasia, Asadaru, Asodi, Chamadia, Chambhar, Chamgar, Haralavya, Harali, Khalpa, Machigar, Mochigar, Madar, Madig, Telegu, Mochi, Kamati, Mochi, Ranigar, Rohit, Samgar	Chamadia	sje.rajasthan.gov.in PageID=65
SC	17	Chamar, Bhambhi, Bambhi, Jatia, Jatava, Mochi, Raidas, Rohidas, Regar, Raigar, Ramdasia, Asadaru, Asodi, Chamadia, Chambhar, Chamgar, Haralavya, Harali, Khalpa, Machigar, Mochigar, Madar, Madig, Telegu, Mochi, Kamati, Mochi, Ranigar, Rohit, Samgar	Chambhar	sje.rajasthan.gov.in PageID=65
SC	17	Chamar, Bhambhi, Bambhi, Jatia, Jatava, Mochi, Raidas, Rohidas, Regar, Raigar, Ramdasia, Asadaru, Asodi, Chamadia, Chambhar, Chamgar, Haralavya, Harali, Khalpa, Machigar, Mochigar, Madar, Madig, Telegu, Mochi, Kamati, Mochi, Ranigar, Rohit, Samgar	Chamgar	sje.rajasthan.gov.in PageID=65
SC	17	Chamar, Bhambhi, Bambhi, Jatia, Jatava, Mochi, Raidas, Rohidas, Regar, Raigar, Ramdasia, Asadaru, Asodi, Chamadia, Chambhar, Chamgar, Haralavya, Harali, Khalpa, Machigar, Mochigar, Madar, Madig, Telegu, Mochi, Kamati, Mochi, Ranigar, Rohit, Samgar	Haralavya	sje.rajasthan.gov.in PageID=65
SC	17	Chamar, Bhambhi, Bambhi, Jatia, Jatava, Mochi, Raidas, Rohidas, Regar, Raigar, Ramdasia, Asadaru, Asodi, Chamadia, Chambhar, Chamgar, Haralavya, Harali, Khalpa, Machigar, Mochigar, Madar, Madig, Telegu, Mochi, Kamati, Mochi, Ranigar, Rohit, Samgar	Harali	sje.rajasthan.gov.in PageID=65
SC	17	Chamar, Bhambhi, Bambhi, Jatia, Jatava, Mochi, Raidas, Rohidas, Regar, Raigar, Ramdasia, Asadaru, Asodi, Chamadia, Chambhar, Chamgar, Haralavya, Harali, Khalpa, Machigar, Mochigar, Madar, Madig, Telegu, Mochi, Kamati, Mochi, Ranigar, Rohit, Samgar	Khalpa	sje.rajasthan.gov.in PageID=65
SC	17	Chamar, Bhambhi, Bambhi, Jatia, Jatava, Mochi, Raidas, Rohidas, Regar, Raigar, Ramdasia, Asadaru, Asodi, Chamadia, Chambhar, Chamgar, Haralavya, Harali, Khalpa, Machigar, Mochigar, Madar, Madig, Telegu, Mochi, Kamati, Mochi, Ranigar, Rohit, Samgar	Machigar	sje.rajasthan.gov.in PageID=65
SC	17	Chamar, Bhambhi, Bambhi, Jatia, Jatava, Mochi, Raidas, Rohidas, Regar, Raigar, Ramdasia, Asadaru, Asodi, Chamadia, Chambhar, Chamgar, Haralavya, Harali, Khalpa, Machigar, Mochigar, Madar, Madig, Telegu, Mochi, Kamati, Mochi, Ranigar, Rohit, Samgar	Mochigar	sje.rajasthan.gov.in PageID=65
SC	17	Chamar, Bhambhi, Bambhi, Jatia, Jatava, Mochi, Raidas, Rohidas, Regar, Raigar, Ramdasia, Asadaru, Asodi, Chamadia, Chambhar, Chamgar, Haralavya, Harali, Khalpa, Machigar, Mochigar, Madar, Madig, Telegu, Mochi, Kamati, Mochi, Ranigar, Rohit, Samgar	Madar	sje.rajasthan.gov.in PageID=65
SC	17	Chamar, Bhambhi, Bambhi, Jatia, Jatava, Mochi, Raidas, Rohidas, Regar, Raigar, Ramdasia, Asadaru, Asodi, Chamadia, Chambhar, Chamgar, Haralavya, Harali, Khalpa, Machigar, Mochigar, Madar, Madig, Telegu, Mochi, Kamati, Mochi, Ranigar, Rohit, Samgar	Madig	sje.rajasthan.gov.in PageID=65
SC	17	Chamar, Bhambhi, Bambhi, Jatia, Jatava, Mochi, Raidas, Rohidas, Regar, Raigar, Ramdasia, Asadaru, Asodi, Chamadia, Chambhar, Chamgar, Haralavya, Harali, Khalpa, Machigar, Mochigar, Madar, Madig, Telegu, Mochi, Kamati, Mochi, Ranigar, Rohit, Samgar	Telegu	sje.rajasthan.gov.in PageID=65
SC	17	Chamar, Bhambhi, Bambhi, Jatia, Jatava, Mochi, Raidas, Rohidas, Regar, Raigar, Ramdasia, Asadaru, Asodi, Chamadia, Chambhar, Chamgar, Haralavya, Harali, Khalpa, Machigar, Mochigar, Madar, Madig, Telegu, Mochi, Kamati, Mochi, Ranigar, Rohit, Samgar	Mochi	sje.rajasthan.gov.in PageID=65
SC	17	Chamar, Bhambhi, Bambhi, Jatia, Jatava, Mochi, Raidas, Rohidas, Regar, Raigar, Ramdasia, Asadaru, Asodi, Chamadia, Chambhar, Chamgar, Haralavya, Harali, Khalpa, Machigar, Mochigar, Madar, Madig, Telegu, Mochi, Kamati, Mochi, Ranigar, Rohit, Samgar	Kamati	sje.rajasthan.gov.in PageID=65
SC	17	Chamar, Bhambhi, Bambhi, Jatia, Jatava, Mochi, Raidas, Rohidas, Regar, Raigar, Ramdasia, Asadaru, Asodi, Chamadia, Chambhar, Chamgar, Haralavya, Harali, Khalpa, Machigar, Mochigar, Madar, Madig, Telegu, Mochi, Kamati, Mochi, Ranigar, Rohit, Samgar	Mochi	sje.rajasthan.gov.in PageID=65
SC	17	Chamar, Bhambhi, Bambhi, Jatia, Jatava, Mochi, Raidas, Rohidas, Regar, Raigar, Ramdasia, Asadaru, Asodi, Chamadia, Chambhar, Chamgar, Haralavya, Harali, Khalpa, Machigar, Mochigar, Madar, Madig, Telegu, Mochi, Kamati, Mochi, Ranigar, Rohit, Samgar	Ranigar	sje.rajasthan.gov.in PageID=65
SC	17	Chamar, Bhambhi, Bambhi, Jatia, Jatava, Mochi, Raidas, Rohidas, Regar, Raigar, Ramdasia, Asadaru, Asodi, Chamadia, Chambhar, Chamgar, Haralavya, Harali, Khalpa, Machigar, Mochigar, Madar, Madig, Telegu, Mochi, Kamati, Mochi, Ranigar, Rohit, Samgar	Rohit	sje.rajasthan.gov.in PageID=65
SC	17	Chamar, Bhambhi, Bambhi, Jatia, Jatava, Mochi, Raidas, Rohidas, Regar, Raigar, Ramdasia, Asadaru, Asodi, Chamadia, Chambhar, Chamgar, Haralavya, Harali, Khalpa, Machigar, Mochigar, Madar, Madig, Telegu, Mochi, Kamati, Mochi, Ranigar, Rohit, Samgar	Samgar	sje.rajasthan.gov.in PageID=65
SC	18	Chandal	Chandal	sje.rajasthan.gov.in PageID=65
SC	19	Dabgar	Dabgar	sje.rajasthan.gov.in PageID=65
SC	20	Dhanak, Dhanuk	Dhanak	sje.rajasthan.gov.in PageID=65
SC	20	Dhanak, Dhanuk	Dhanuk	sje.rajasthan.gov.in PageID=65
SC	21	Dhankia	Dhankia	sje.rajasthan.gov.in PageID=65
SC	22	Dhobi	Dhobi	sje.rajasthan.gov.in PageID=65
SC	23	Dholi	Dholi	sje.rajasthan.gov.in PageID=65
SC	24	Dome, Dom	Dome	sje.rajasthan.gov.in PageID=65
SC	24	Dome, Dom	Dom	sje.rajasthan.gov.in PageID=65
SC	25	Gandia	Gandia	sje.rajasthan.gov.in PageID=65
SC	26	Garancha, Gancha	Garancha	sje.rajasthan.gov.in PageID=65
SC	26	Garancha, Gancha	Gancha	sje.rajasthan.gov.in PageID=65
SC	27	Garo,Garura, Gurda, Garoda	Garo	sje.rajasthan.gov.in PageID=65
SC	27	Garo,Garura, Gurda, Garoda	Garura	sje.rajasthan.gov.in PageID=65
SC	27	Garo,Garura, Gurda, Garoda	Gurda	sje.rajasthan.gov.in PageID=65
SC	27	Garo,Garura, Gurda, Garoda	Garoda	sje.rajasthan.gov.in PageID=65
SC	28	Gavaria	Gavaria	sje.rajasthan.gov.in PageID=65
SC	29	Godhi	Godhi	sje.rajasthan.gov.in PageID=65
SC	30	Jingar	Jingar	sje.rajasthan.gov.in PageID=65
SC	31	Kalbelia, Sapera	Kalbelia	sje.rajasthan.gov.in PageID=65
SC	31	Kalbelia, Sapera	Sapera	sje.rajasthan.gov.in PageID=65
SC	32	Kamad, Kamadia	Kamad	sje.rajasthan.gov.in PageID=65
SC	32	Kamad, Kamadia	Kamadia	sje.rajasthan.gov.in PageID=65
SC	33	Kanjar, Kunjar	Kanjar	sje.rajasthan.gov.in PageID=65
SC	33	Kanjar, Kunjar	Kunjar	sje.rajasthan.gov.in PageID=65
SC	34	Kapaida, Sansi	Kapaida	sje.rajasthan.gov.in PageID=65
SC	34	Kapaida, Sansi	Sansi	sje.rajasthan.gov.in PageID=65
SC	35	Khangar	Khangar	sje.rajasthan.gov.in PageID=65
SC	36	Khatik	Khatik	sje.rajasthan.gov.in PageID=65
SC	37	Koli, Kori	Koli	sje.rajasthan.gov.in PageID=65
SC	37	Koli, Kori	Kori	sje.rajasthan.gov.in PageID=65
SC	38	Kooch Band, Kuchband	Kooch Band	sje.rajasthan.gov.in PageID=65
SC	38	Kooch Band, Kuchband	Kuchband	sje.rajasthan.gov.in PageID=65
SC	39	Koria	Koria	sje.rajasthan.gov.in PageID=65
SC	40	Madari, Bazigar	Madari	sje.rajasthan.gov.in PageID=65
SC	40	Madari, Bazigar	Bazigar	sje.rajasthan.gov.in PageID=65
SC	41	Mahar, Taral, Dhegumegu, Mahyavanshi, Dhed, Dheda, Vankar, Maru, Vankar.	Mahar	sje.rajasthan.gov.in PageID=65
SC	41	Mahar, Taral, Dhegumegu, Mahyavanshi, Dhed, Dheda, Vankar, Maru, Vankar.	Taral	sje.rajasthan.gov.in PageID=65
SC	41	Mahar, Taral, Dhegumegu, Mahyavanshi, Dhed, Dheda, Vankar, Maru, Vankar.	Dhegumegu	sje.rajasthan.gov.in PageID=65
SC	41	Mahar, Taral, Dhegumegu, Mahyavanshi, Dhed, Dheda, Vankar, Maru, Vankar.	Mahyavanshi	sje.rajasthan.gov.in PageID=65
SC	41	Mahar, Taral, Dhegumegu, Mahyavanshi, Dhed, Dheda, Vankar, Maru, Vankar.	Dhed	sje.rajasthan.gov.in PageID=65
SC	41	Mahar, Taral, Dhegumegu, Mahyavanshi, Dhed, Dheda, Vankar, Maru, Vankar.	Dheda	sje.rajasthan.gov.in PageID=65
SC	41	Mahar, Taral, Dhegumegu, Mahyavanshi, Dhed, Dheda, Vankar, Maru, Vankar.	Vankar	sje.rajasthan.gov.in PageID=65
SC	41	Mahar, Taral, Dhegumegu, Mahyavanshi, Dhed, Dheda, Vankar, Maru, Vankar.	Maru	sje.rajasthan.gov.in PageID=65
SC	41	Mahar, Taral, Dhegumegu, Mahyavanshi, Dhed, Dheda, Vankar, Maru, Vankar.	Vankar	sje.rajasthan.gov.in PageID=65
SC	42	Majhabi	Majhabi	sje.rajasthan.gov.in PageID=65
SC	43	Mang, Matang, Minimadig	Mang	sje.rajasthan.gov.in PageID=65
SC	43	Mang, Matang, Minimadig	Matang	sje.rajasthan.gov.in PageID=65
SC	43	Mang, Matang, Minimadig	Minimadig	sje.rajasthan.gov.in PageID=65
SC	44	Mang, Garodi, Mang Garudi	Mang	sje.rajasthan.gov.in PageID=65
SC	44	Mang, Garodi, Mang Garudi	Garodi	sje.rajasthan.gov.in PageID=65
SC	44	Mang, Garodi, Mang Garudi	Mang Garudi	sje.rajasthan.gov.in PageID=65
SC	45	Megh, Meghval, Meghwal, Menghvar	Megh	sje.rajasthan.gov.in PageID=65
SC	45	Megh, Meghval, Meghwal, Menghvar	Meghval	sje.rajasthan.gov.in PageID=65
SC	45	Megh, Meghval, Meghwal, Menghvar	Meghwal	sje.rajasthan.gov.in PageID=65
SC	45	Megh, Meghval, Meghwal, Menghvar	Menghvar	sje.rajasthan.gov.in PageID=65
SC	46	Mehar	Mehar	sje.rajasthan.gov.in PageID=65
SC	47	Nat, Nut	Nat	sje.rajasthan.gov.in PageID=65
SC	47	Nat, Nut	Nut	sje.rajasthan.gov.in PageID=65
SC	48	Pasi	Pasi	sje.rajasthan.gov.in PageID=65
SC	49	Rawal	Rawal	sje.rajasthan.gov.in PageID=65
SC	50	Salvi	Salvi	sje.rajasthan.gov.in PageID=65
SC	51	Sansi	Sansi	sje.rajasthan.gov.in PageID=65
SC	52	Santia, Satia	Santia	sje.rajasthan.gov.in PageID=65
SC	52	Santia, Satia	Satia	sje.rajasthan.gov.in PageID=65
SC	53	Sarbhangi	Sarbhangi	sje.rajasthan.gov.in PageID=65
SC	54	Sargara	Sargara	sje.rajasthan.gov.in PageID=65
SC	55	Singiwala	Singiwala	sje.rajasthan.gov.in PageID=65
SC	56	Thori, Nayak	Thori	sje.rajasthan.gov.in PageID=65
SC	56	Thori, Nayak	Nayak	sje.rajasthan.gov.in PageID=65
SC	57	Tirgar, Tirbanda	Tirgar	sje.rajasthan.gov.in PageID=65
SC	57	Tirgar, Tirbanda	Tirbanda	sje.rajasthan.gov.in PageID=65
SC	58	Turi	Turi	sje.rajasthan.gov.in PageID=65
ST	1	Bhil, Bhil Garasia, Dholi Bhil, Dungri Bhil, Dungri Garasia, Mewasi Bhil, Rawal Bhil, Tadvi Bhil.Bhagalia,Bhilala,Pawra,Vasava	Bhil	sje.rajasthan.gov.in PageID=66
ST	1	Bhil, Bhil Garasia, Dholi Bhil, Dungri Bhil, Dungri Garasia, Mewasi Bhil, Rawal Bhil, Tadvi Bhil.Bhagalia,Bhilala,Pawra,Vasava	Bhil Garasia	sje.rajasthan.gov.in PageID=66
ST	1	Bhil, Bhil Garasia, Dholi Bhil, Dungri Bhil, Dungri Garasia, Mewasi Bhil, Rawal Bhil, Tadvi Bhil.Bhagalia,Bhilala,Pawra,Vasava	Dholi Bhil	sje.rajasthan.gov.in PageID=66
ST	1	Bhil, Bhil Garasia, Dholi Bhil, Dungri Bhil, Dungri Garasia, Mewasi Bhil, Rawal Bhil, Tadvi Bhil.Bhagalia,Bhilala,Pawra,Vasava	Dungri Bhil	sje.rajasthan.gov.in PageID=66
ST	1	Bhil, Bhil Garasia, Dholi Bhil, Dungri Bhil, Dungri Garasia, Mewasi Bhil, Rawal Bhil, Tadvi Bhil.Bhagalia,Bhilala,Pawra,Vasava	Dungri Garasia	sje.rajasthan.gov.in PageID=66
ST	1	Bhil, Bhil Garasia, Dholi Bhil, Dungri Bhil, Dungri Garasia, Mewasi Bhil, Rawal Bhil, Tadvi Bhil.Bhagalia,Bhilala,Pawra,Vasava	Mewasi Bhil	sje.rajasthan.gov.in PageID=66
ST	1	Bhil, Bhil Garasia, Dholi Bhil, Dungri Bhil, Dungri Garasia, Mewasi Bhil, Rawal Bhil, Tadvi Bhil.Bhagalia,Bhilala,Pawra,Vasava	Rawal Bhil	sje.rajasthan.gov.in PageID=66
ST	1	Bhil, Bhil Garasia, Dholi Bhil, Dungri Bhil, Dungri Garasia, Mewasi Bhil, Rawal Bhil, Tadvi Bhil.Bhagalia,Bhilala,Pawra,Vasava	Tadvi Bhil	sje.rajasthan.gov.in PageID=66
ST	1	Bhil, Bhil Garasia, Dholi Bhil, Dungri Bhil, Dungri Garasia, Mewasi Bhil, Rawal Bhil, Tadvi Bhil.Bhagalia,Bhilala,Pawra,Vasava	Bhagalia	sje.rajasthan.gov.in PageID=66
ST	1	Bhil, Bhil Garasia, Dholi Bhil, Dungri Bhil, Dungri Garasia, Mewasi Bhil, Rawal Bhil, Tadvi Bhil.Bhagalia,Bhilala,Pawra,Vasava	Bhilala	sje.rajasthan.gov.in PageID=66
ST	1	Bhil, Bhil Garasia, Dholi Bhil, Dungri Bhil, Dungri Garasia, Mewasi Bhil, Rawal Bhil, Tadvi Bhil.Bhagalia,Bhilala,Pawra,Vasava	Pawra	sje.rajasthan.gov.in PageID=66
ST	1	Bhil, Bhil Garasia, Dholi Bhil, Dungri Bhil, Dungri Garasia, Mewasi Bhil, Rawal Bhil, Tadvi Bhil.Bhagalia,Bhilala,Pawra,Vasava	Vasava	sje.rajasthan.gov.in PageID=66
ST	2	Bhil Mina	Bhil Mina	sje.rajasthan.gov.in PageID=66
ST	3	Damor, Damaria	Damor	sje.rajasthan.gov.in PageID=66
ST	3	Damor, Damaria	Damaria	sje.rajasthan.gov.in PageID=66
ST	4	Dhanka, Tadvi, Tetaria, Valvi	Dhanka	sje.rajasthan.gov.in PageID=66
ST	4	Dhanka, Tadvi, Tetaria, Valvi	Tadvi	sje.rajasthan.gov.in PageID=66
ST	4	Dhanka, Tadvi, Tetaria, Valvi	Tetaria	sje.rajasthan.gov.in PageID=66
ST	4	Dhanka, Tadvi, Tetaria, Valvi	Valvi	sje.rajasthan.gov.in PageID=66
ST	5	Garasia (Excluding Rajput Garasia.)	Garasia (Excluding Rajput Garasia	sje.rajasthan.gov.in PageID=66
ST	5	Garasia (Excluding Rajput Garasia.)	)	sje.rajasthan.gov.in PageID=66
ST	6	Kathodi, Katkari, Dhor Kathodi, Dhor Katkari, Son Kathodi, Son Katkari	Kathodi	sje.rajasthan.gov.in PageID=66
ST	6	Kathodi, Katkari, Dhor Kathodi, Dhor Katkari, Son Kathodi, Son Katkari	Katkari	sje.rajasthan.gov.in PageID=66
ST	6	Kathodi, Katkari, Dhor Kathodi, Dhor Katkari, Son Kathodi, Son Katkari	Dhor Kathodi	sje.rajasthan.gov.in PageID=66
ST	6	Kathodi, Katkari, Dhor Kathodi, Dhor Katkari, Son Kathodi, Son Katkari	Dhor Katkari	sje.rajasthan.gov.in PageID=66
ST	6	Kathodi, Katkari, Dhor Kathodi, Dhor Katkari, Son Kathodi, Son Katkari	Son Kathodi	sje.rajasthan.gov.in PageID=66
ST	6	Kathodi, Katkari, Dhor Kathodi, Dhor Katkari, Son Kathodi, Son Katkari	Son Katkari	sje.rajasthan.gov.in PageID=66
ST	7	Kokna, Kokni, Kukna	Kokna	sje.rajasthan.gov.in PageID=66
ST	7	Kokna, Kokni, Kukna	Kokni	sje.rajasthan.gov.in PageID=66
ST	7	Kokna, Kokni, Kukna	Kukna	sje.rajasthan.gov.in PageID=66
ST	8	Koli Dhor, Tokre Koli, Kolcha, Kolgha	Koli Dhor	sje.rajasthan.gov.in PageID=66
ST	8	Koli Dhor, Tokre Koli, Kolcha, Kolgha	Tokre Koli	sje.rajasthan.gov.in PageID=66
ST	8	Koli Dhor, Tokre Koli, Kolcha, Kolgha	Kolcha	sje.rajasthan.gov.in PageID=66
ST	8	Koli Dhor, Tokre Koli, Kolcha, Kolgha	Kolgha	sje.rajasthan.gov.in PageID=66
ST	9	Mina	Mina	sje.rajasthan.gov.in PageID=66
ST	10	Naikda, Nayaka, Cholivala Nayaka, Kapadia Nayaka, Mota Nayaka, Nana Nayaka	Naikda	sje.rajasthan.gov.in PageID=66
ST	10	Naikda, Nayaka, Cholivala Nayaka, Kapadia Nayaka, Mota Nayaka, Nana Nayaka	Nayaka	sje.rajasthan.gov.in PageID=66
ST	10	Naikda, Nayaka, Cholivala Nayaka, Kapadia Nayaka, Mota Nayaka, Nana Nayaka	Cholivala Nayaka	sje.rajasthan.gov.in PageID=66
ST	10	Naikda, Nayaka, Cholivala Nayaka, Kapadia Nayaka, Mota Nayaka, Nana Nayaka	Kapadia Nayaka	sje.rajasthan.gov.in PageID=66
ST	10	Naikda, Nayaka, Cholivala Nayaka, Kapadia Nayaka, Mota Nayaka, Nana Nayaka	Mota Nayaka	sje.rajasthan.gov.in PageID=66
ST	10	Naikda, Nayaka, Cholivala Nayaka, Kapadia Nayaka, Mota Nayaka, Nana Nayaka	Nana Nayaka	sje.rajasthan.gov.in PageID=66
ST	11	Patelia	Patelia	sje.rajasthan.gov.in PageID=66
ST	12	Seharia, Sehria, Sahariya 	Seharia	sje.rajasthan.gov.in PageID=66
ST	12	Seharia, Sehria, Sahariya 	Sehria	sje.rajasthan.gov.in PageID=66
ST	12	Seharia, Sehria, Sahariya 	Sahariya	sje.rajasthan.gov.in PageID=66
OBC	1	Ahir (Yadav)	Ahir	sje.rajasthan.gov.in PageID=67 (state list, English page)
OBC	1	Ahir (Yadav)	Yadav	sje.rajasthan.gov.in PageID=67 (state list, English page)
OBC	2	Badwa, Jachak, Bhat, Jaga,Rao	Badwa	sje.rajasthan.gov.in PageID=67 (state list, English page)
OBC	2	Badwa, Jachak, Bhat, Jaga,Rao	Jachak	sje.rajasthan.gov.in PageID=67 (state list, English page)
OBC	2	Badwa, Jachak, Bhat, Jaga,Rao	Bhat	sje.rajasthan.gov.in PageID=67 (state list, English page)
OBC	2	Badwa, Jachak, Bhat, Jaga,Rao	Jaga	sje.rajasthan.gov.in PageID=67 (state list, English page)
OBC	2	Badwa, Jachak, Bhat, Jaga,Rao	Rao	sje.rajasthan.gov.in PageID=67 (state list, English page)
OBC	3	Charan	Charan	sje.rajasthan.gov.in PageID=67 (state list, English page)
OBC	4	Bagaria	Bagaria	sje.rajasthan.gov.in PageID=67 (state list, English page)
OBC	5	Banjara, Baladia, Labana	Banjara	sje.rajasthan.gov.in PageID=67 (state list, English page)
OBC	5	Banjara, Baladia, Labana	Baladia	sje.rajasthan.gov.in PageID=67 (state list, English page)
OBC	5	Banjara, Baladia, Labana	Labana	sje.rajasthan.gov.in PageID=67 (state list, English page)
OBC	6	Badai, Jangid, Khati,Suthar, Tarkhan	Badai	sje.rajasthan.gov.in PageID=67 (state list, English page)
OBC	6	Badai, Jangid, Khati,Suthar, Tarkhan	Jangid	sje.rajasthan.gov.in PageID=67 (state list, English page)
OBC	6	Badai, Jangid, Khati,Suthar, Tarkhan	Khati	sje.rajasthan.gov.in PageID=67 (state list, English page)
OBC	6	Badai, Jangid, Khati,Suthar, Tarkhan	Suthar	sje.rajasthan.gov.in PageID=67 (state list, English page)
OBC	6	Badai, Jangid, Khati,Suthar, Tarkhan	Tarkhan	sje.rajasthan.gov.in PageID=67 (state list, English page)
OBC	7	Bharbhuja	Bharbhuja	sje.rajasthan.gov.in PageID=67 (state list, English page)
OBC	8	Chippa (Chhipi), Bhavsar, Nama, Khatti Chippa, Rangrej, Neelgar	Chippa	sje.rajasthan.gov.in PageID=67 (state list, English page)
OBC	8	Chippa (Chhipi), Bhavsar, Nama, Khatti Chippa, Rangrej, Neelgar	Chhipi	sje.rajasthan.gov.in PageID=67 (state list, English page)
OBC	8	Chippa (Chhipi), Bhavsar, Nama, Khatti Chippa, Rangrej, Neelgar	Bhavsar	sje.rajasthan.gov.in PageID=67 (state list, English page)
OBC	8	Chippa (Chhipi), Bhavsar, Nama, Khatti Chippa, Rangrej, Neelgar	Nama	sje.rajasthan.gov.in PageID=67 (state list, English page)
OBC	8	Chippa (Chhipi), Bhavsar, Nama, Khatti Chippa, Rangrej, Neelgar	Khatti Chippa	sje.rajasthan.gov.in PageID=67 (state list, English page)
OBC	8	Chippa (Chhipi), Bhavsar, Nama, Khatti Chippa, Rangrej, Neelgar	Rangrej	sje.rajasthan.gov.in PageID=67 (state list, English page)
OBC	8	Chippa (Chhipi), Bhavsar, Nama, Khatti Chippa, Rangrej, Neelgar	Neelgar	sje.rajasthan.gov.in PageID=67 (state list, English page)
OBC	9	Dakot, Deshantri, Rangasami (Adbhopa)	Dakot	sje.rajasthan.gov.in PageID=67 (state list, English page)
OBC	9	Dakot, Deshantri, Rangasami (Adbhopa)	Deshantri	sje.rajasthan.gov.in PageID=67 (state list, English page)
OBC	9	Dakot, Deshantri, Rangasami (Adbhopa)	Rangasami	sje.rajasthan.gov.in PageID=67 (state list, English page)
OBC	9	Dakot, Deshantri, Rangasami (Adbhopa)	Adbhopa	sje.rajasthan.gov.in PageID=67 (state list, English page)
OBC	10	Nagarchi-Damami, Rana, Baiti(Barot)	Nagarchi-Damami	sje.rajasthan.gov.in PageID=67 (state list, English page)
OBC	10	Nagarchi-Damami, Rana, Baiti(Barot)	Rana	sje.rajasthan.gov.in PageID=67 (state list, English page)
OBC	10	Nagarchi-Damami, Rana, Baiti(Barot)	Baiti	sje.rajasthan.gov.in PageID=67 (state list, English page)
OBC	10	Nagarchi-Damami, Rana, Baiti(Barot)	Barot	sje.rajasthan.gov.in PageID=67 (state list, English page)
OBC	11	Daroga, Ravana-Rajput, Hazuri Wazir	Daroga	sje.rajasthan.gov.in PageID=67 (state list, English page)
OBC	11	Daroga, Ravana-Rajput, Hazuri Wazir	Ravana-Rajput	sje.rajasthan.gov.in PageID=67 (state list, English page)
OBC	11	Daroga, Ravana-Rajput, Hazuri Wazir	Hazuri Wazir	sje.rajasthan.gov.in PageID=67 (state list, English page)
OBC	12	Darzi	Darzi	sje.rajasthan.gov.in PageID=67 (state list, English page)
OBC	13	Dhakad	Dhakad	sje.rajasthan.gov.in PageID=67 (state list, English page)
OBC	14	Dhiver, Kahar, Bhoi, Sagarvansi-Mali, Keer, Mehra, Mallah (Nisad), Bari, Bhisti, Machhuara	Dhiver	sje.rajasthan.gov.in PageID=67 (state list, English page)
OBC	14	Dhiver, Kahar, Bhoi, Sagarvansi-Mali, Keer, Mehra, Mallah (Nisad), Bari, Bhisti, Machhuara	Kahar	sje.rajasthan.gov.in PageID=67 (state list, English page)
OBC	14	Dhiver, Kahar, Bhoi, Sagarvansi-Mali, Keer, Mehra, Mallah (Nisad), Bari, Bhisti, Machhuara	Bhoi	sje.rajasthan.gov.in PageID=67 (state list, English page)
OBC	14	Dhiver, Kahar, Bhoi, Sagarvansi-Mali, Keer, Mehra, Mallah (Nisad), Bari, Bhisti, Machhuara	Sagarvansi-Mali	sje.rajasthan.gov.in PageID=67 (state list, English page)
OBC	14	Dhiver, Kahar, Bhoi, Sagarvansi-Mali, Keer, Mehra, Mallah (Nisad), Bari, Bhisti, Machhuara	Keer	sje.rajasthan.gov.in PageID=67 (state list, English page)
OBC	14	Dhiver, Kahar, Bhoi, Sagarvansi-Mali, Keer, Mehra, Mallah (Nisad), Bari, Bhisti, Machhuara	Mehra	sje.rajasthan.gov.in PageID=67 (state list, English page)
OBC	14	Dhiver, Kahar, Bhoi, Sagarvansi-Mali, Keer, Mehra, Mallah (Nisad), Bari, Bhisti, Machhuara	Mallah	sje.rajasthan.gov.in PageID=67 (state list, English page)
OBC	14	Dhiver, Kahar, Bhoi, Sagarvansi-Mali, Keer, Mehra, Mallah (Nisad), Bari, Bhisti, Machhuara	Nisad	sje.rajasthan.gov.in PageID=67 (state list, English page)
OBC	14	Dhiver, Kahar, Bhoi, Sagarvansi-Mali, Keer, Mehra, Mallah (Nisad), Bari, Bhisti, Machhuara	Bari	sje.rajasthan.gov.in PageID=67 (state list, English page)
OBC	14	Dhiver, Kahar, Bhoi, Sagarvansi-Mali, Keer, Mehra, Mallah (Nisad), Bari, Bhisti, Machhuara	Bhisti	sje.rajasthan.gov.in PageID=67 (state list, English page)
OBC	14	Dhiver, Kahar, Bhoi, Sagarvansi-Mali, Keer, Mehra, Mallah (Nisad), Bari, Bhisti, Machhuara	Machhuara	sje.rajasthan.gov.in PageID=67 (state list, English page)
OBC	15	Gadaria (Gadri), Gayri, Ghosi (Gvala)	Gadaria	sje.rajasthan.gov.in PageID=67 (state list, English page)
OBC	15	Gadaria (Gadri), Gayri, Ghosi (Gvala)	Gadri	sje.rajasthan.gov.in PageID=67 (state list, English page)
OBC	15	Gadaria (Gadri), Gayri, Ghosi (Gvala)	Gayri	sje.rajasthan.gov.in PageID=67 (state list, English page)
OBC	15	Gadaria (Gadri), Gayri, Ghosi (Gvala)	Ghosi	sje.rajasthan.gov.in PageID=67 (state list, English page)
OBC	15	Gadaria (Gadri), Gayri, Ghosi (Gvala)	Gvala	sje.rajasthan.gov.in PageID=67 (state list, English page)
OBC	16	Gadia_lohar, Gadolia	Gadia_lohar	sje.rajasthan.gov.in PageID=67 (state list, English page)
OBC	16	Gadia_lohar, Gadolia	Gadolia	sje.rajasthan.gov.in PageID=67 (state list, English page)
OBC	17	Ghanchi	Ghanchi	sje.rajasthan.gov.in PageID=67 (state list, English page)
OBC	18	Teli	Teli	sje.rajasthan.gov.in PageID=67 (state list, English page)
OBC	19	Giri, Gosain(Gushain)	Giri	sje.rajasthan.gov.in PageID=67 (state list, English page)
OBC	19	Giri, Gosain(Gushain)	Gosain	sje.rajasthan.gov.in PageID=67 (state list, English page)
OBC	19	Giri, Gosain(Gushain)	Gushain	sje.rajasthan.gov.in PageID=67 (state list, English page)
OBC	20	Gujar, Gurjar	Gujar	sje.rajasthan.gov.in PageID=67 (state list, English page)
OBC	20	Gujar, Gurjar	Gurjar	sje.rajasthan.gov.in PageID=67 (state list, English page)
OBC	21	Hela	Hela	sje.rajasthan.gov.in PageID=67 (state list, English page)
OBC	22	Janwa, Khardiya (Sirvi)	Janwa	sje.rajasthan.gov.in PageID=67 (state list, English page)
OBC	22	Janwa, Khardiya (Sirvi)	Khardiya	sje.rajasthan.gov.in PageID=67 (state list, English page)
OBC	22	Janwa, Khardiya (Sirvi)	Sirvi	sje.rajasthan.gov.in PageID=67 (state list, English page)
OBC	23	Julaha	Julaha	sje.rajasthan.gov.in PageID=67 (state list, English page)
OBC	24	Jogi, Nath, Sidh	Jogi	sje.rajasthan.gov.in PageID=67 (state list, English page)
OBC	24	Jogi, Nath, Sidh	Nath	sje.rajasthan.gov.in PageID=67 (state list, English page)
OBC	24	Jogi, Nath, Sidh	Sidh	sje.rajasthan.gov.in PageID=67 (state list, English page)
OBC	25	Kachhi (Kushwaha), Shakya	Kachhi	sje.rajasthan.gov.in PageID=67 (state list, English page)
OBC	25	Kachhi (Kushwaha), Shakya	Kushwaha	sje.rajasthan.gov.in PageID=67 (state list, English page)
OBC	25	Kachhi (Kushwaha), Shakya	Shakya	sje.rajasthan.gov.in PageID=67 (state list, English page)
OBC	26	Kelal (Tak)	Kelal	sje.rajasthan.gov.in PageID=67 (state list, English page)
OBC	26	Kelal (Tak)	Tak	sje.rajasthan.gov.in PageID=67 (state list, English page)
OBC	27	Kandera, Pinijara	Kandera	sje.rajasthan.gov.in PageID=67 (state list, English page)
OBC	27	Kandera, Pinijara	Pinijara	sje.rajasthan.gov.in PageID=67 (state list, English page)
OBC	28	Kanbi, Kalbi, Patel, Patidar Anjana, Dangi Patel, Kulmi	Kanbi	sje.rajasthan.gov.in PageID=67 (state list, English page)
OBC	28	Kanbi, Kalbi, Patel, Patidar Anjana, Dangi Patel, Kulmi	Kalbi	sje.rajasthan.gov.in PageID=67 (state list, English page)
OBC	28	Kanbi, Kalbi, Patel, Patidar Anjana, Dangi Patel, Kulmi	Patel	sje.rajasthan.gov.in PageID=67 (state list, English page)
OBC	28	Kanbi, Kalbi, Patel, Patidar Anjana, Dangi Patel, Kulmi	Patidar Anjana	sje.rajasthan.gov.in PageID=67 (state list, English page)
OBC	28	Kanbi, Kalbi, Patel, Patidar Anjana, Dangi Patel, Kulmi	Dangi Patel	sje.rajasthan.gov.in PageID=67 (state list, English page)
OBC	28	Kanbi, Kalbi, Patel, Patidar Anjana, Dangi Patel, Kulmi	Kulmi	sje.rajasthan.gov.in PageID=67 (state list, English page)
OBC	29	Kharol (Kharwal)	Kharol	sje.rajasthan.gov.in PageID=67 (state list, English page)
OBC	29	Kharol (Kharwal)	Kharwal	sje.rajasthan.gov.in PageID=67 (state list, English page)
OBC	30	Kirar(Kirad)	Kirar	sje.rajasthan.gov.in PageID=67 (state list, English page)
OBC	30	Kirar(Kirad)	Kirad	sje.rajasthan.gov.in PageID=67 (state list, English page)
OBC	31	Kumhar(Prajapati), Kumawat, Suara	Kumhar	sje.rajasthan.gov.in PageID=67 (state list, English page)
OBC	31	Kumhar(Prajapati), Kumawat, Suara	Prajapati	sje.rajasthan.gov.in PageID=67 (state list, English page)
OBC	31	Kumhar(Prajapati), Kumawat, Suara	Kumawat	sje.rajasthan.gov.in PageID=67 (state list, English page)
OBC	31	Kumhar(Prajapati), Kumawat, Suara	Suara	sje.rajasthan.gov.in PageID=67 (state list, English page)
OBC	32	Lakhera (Lakhara), Kachera, Manihar	Lakhera	sje.rajasthan.gov.in PageID=67 (state list, English page)
OBC	32	Lakhera (Lakhara), Kachera, Manihar	Lakhara	sje.rajasthan.gov.in PageID=67 (state list, English page)
OBC	32	Lakhera (Lakhara), Kachera, Manihar	Kachera	sje.rajasthan.gov.in PageID=67 (state list, English page)
OBC	32	Lakhera (Lakhara), Kachera, Manihar	Manihar	sje.rajasthan.gov.in PageID=67 (state list, English page)
OBC	33	Lodhi(Lodha)	Lodhi	sje.rajasthan.gov.in PageID=67 (state list, English page)
OBC	33	Lodhi(Lodha)	Lodha	sje.rajasthan.gov.in PageID=67 (state list, English page)
OBC	34	Lohar, Panchal	Lohar	sje.rajasthan.gov.in PageID=67 (state list, English page)
OBC	34	Lohar, Panchal	Panchal	sje.rajasthan.gov.in PageID=67 (state list, English page)
OBC	35	Mahabrahiman(Acharaj), Fakir (working in Kabristan)	Mahabrahiman	sje.rajasthan.gov.in PageID=67 (state list, English page)
OBC	35	Mahabrahiman(Acharaj), Fakir (working in Kabristan)	Acharaj	sje.rajasthan.gov.in PageID=67 (state list, English page)
OBC	35	Mahabrahiman(Acharaj), Fakir (working in Kabristan)	Fakir	sje.rajasthan.gov.in PageID=67 (state list, English page)
OBC	35	Mahabrahiman(Acharaj), Fakir (working in Kabristan)	working in Kabristan	sje.rajasthan.gov.in PageID=67 (state list, English page)
OBC	36	Mali, Saini, Bagwan	Mali	sje.rajasthan.gov.in PageID=67 (state list, English page)
OBC	36	Mali, Saini, Bagwan	Saini	sje.rajasthan.gov.in PageID=67 (state list, English page)
OBC	36	Mali, Saini, Bagwan	Bagwan	sje.rajasthan.gov.in PageID=67 (state list, English page)
OBC	37	Mer,(Mehrat-Kathat, Mehrat, Ghodat, Cheeta)	Mer	sje.rajasthan.gov.in PageID=67 (state list, English page)
OBC	37	Mer,(Mehrat-Kathat, Mehrat, Ghodat, Cheeta)	Mehrat-Kathat	sje.rajasthan.gov.in PageID=67 (state list, English page)
OBC	37	Mer,(Mehrat-Kathat, Mehrat, Ghodat, Cheeta)	Mehrat	sje.rajasthan.gov.in PageID=67 (state list, English page)
OBC	37	Mer,(Mehrat-Kathat, Mehrat, Ghodat, Cheeta)	Ghodat	sje.rajasthan.gov.in PageID=67 (state list, English page)
OBC	37	Mer,(Mehrat-Kathat, Mehrat, Ghodat, Cheeta)	Cheeta	sje.rajasthan.gov.in PageID=67 (state list, English page)
OBC	38	Mirasi, Dhadi, Langa/Mangniyar	Mirasi	sje.rajasthan.gov.in PageID=67 (state list, English page)
OBC	38	Mirasi, Dhadi, Langa/Mangniyar	Dhadi	sje.rajasthan.gov.in PageID=67 (state list, English page)
OBC	38	Mirasi, Dhadi, Langa/Mangniyar	Langa/Mangniyar	sje.rajasthan.gov.in PageID=67 (state list, English page)
OBC	39	Mogia (Mogya)	Mogia	sje.rajasthan.gov.in PageID=67 (state list, English page)
OBC	39	Mogia (Mogya)	Mogya	sje.rajasthan.gov.in PageID=67 (state list, English page)
OBC	40	Nai, Sen, Vednai	Nai	sje.rajasthan.gov.in PageID=67 (state list, English page)
OBC	40	Nai, Sen, Vednai	Sen	sje.rajasthan.gov.in PageID=67 (state list, English page)
OBC	40	Nai, Sen, Vednai	Vednai	sje.rajasthan.gov.in PageID=67 (state list, English page)
OBC	41	Nyaria (Nyargar)	Nyaria	sje.rajasthan.gov.in PageID=67 (state list, English page)
OBC	41	Nyaria (Nyargar)	Nyargar	sje.rajasthan.gov.in PageID=67 (state list, English page)
OBC	42	Odd	Odd	sje.rajasthan.gov.in PageID=67 (state list, English page)
OBC	43	Patwa (Phadal)	Patwa	sje.rajasthan.gov.in PageID=67 (state list, English page)
OBC	43	Patwa (Phadal)	Phadal	sje.rajasthan.gov.in PageID=67 (state list, English page)
OBC	44	Raika, Rebari (Debasi)	Raika	sje.rajasthan.gov.in PageID=67 (state list, English page)
OBC	44	Raika, Rebari (Debasi)	Rebari	sje.rajasthan.gov.in PageID=67 (state list, English page)
OBC	44	Raika, Rebari (Debasi)	Debasi	sje.rajasthan.gov.in PageID=67 (state list, English page)
OBC	45	Rawat	Rawat	sje.rajasthan.gov.in PageID=67 (state list, English page)
OBC	46	Sad, Swami, Bairagi, Jangam	Sad	sje.rajasthan.gov.in PageID=67 (state list, English page)
OBC	46	Sad, Swami, Bairagi, Jangam	Swami	sje.rajasthan.gov.in PageID=67 (state list, English page)
OBC	46	Sad, Swami, Bairagi, Jangam	Bairagi	sje.rajasthan.gov.in PageID=67 (state list, English page)
OBC	46	Sad, Swami, Bairagi, Jangam	Jangam	sje.rajasthan.gov.in PageID=67 (state list, English page)
OBC	47	Satiya-Sindhi	Satiya-Sindhi	sje.rajasthan.gov.in PageID=67 (state list, English page)
OBC	48	Sikligar, Bandooksaz (Usta)	Sikligar	sje.rajasthan.gov.in PageID=67 (state list, English page)
OBC	48	Sikligar, Bandooksaz (Usta)	Bandooksaz	sje.rajasthan.gov.in PageID=67 (state list, English page)
OBC	48	Sikligar, Bandooksaz (Usta)	Usta	sje.rajasthan.gov.in PageID=67 (state list, English page)
OBC	49	Sirkiwal	Sirkiwal	sje.rajasthan.gov.in PageID=67 (state list, English page)
OBC	50	Swarankar, Sunar, Soni, Jadia	Swarankar	sje.rajasthan.gov.in PageID=67 (state list, English page)
OBC	50	Swarankar, Sunar, Soni, Jadia	Sunar	sje.rajasthan.gov.in PageID=67 (state list, English page)
OBC	50	Swarankar, Sunar, Soni, Jadia	Soni	sje.rajasthan.gov.in PageID=67 (state list, English page)
OBC	50	Swarankar, Sunar, Soni, Jadia	Jadia	sje.rajasthan.gov.in PageID=67 (state list, English page)
OBC	51	Thathera, Kansara (Bharava )	Thathera	sje.rajasthan.gov.in PageID=67 (state list, English page)
OBC	51	Thathera, Kansara (Bharava )	Kansara	sje.rajasthan.gov.in PageID=67 (state list, English page)
OBC	51	Thathera, Kansara (Bharava )	Bharava	sje.rajasthan.gov.in PageID=67 (state list, English page)
OBC	52	Tamoli (Tamboli)	Tamoli	sje.rajasthan.gov.in PageID=67 (state list, English page)
OBC	52	Tamoli (Tamboli)	Tamboli	sje.rajasthan.gov.in PageID=67 (state list, English page)
OBC	53	Jagri	Jagri	sje.rajasthan.gov.in PageID=67 (state list, English page)
OBC	54	Jat	Jat	sje.rajasthan.gov.in PageID=67 (state list, English page)
OBC	55	Raisikh	Raisikh	sje.rajasthan.gov.in PageID=67 (state list, English page)
OBC	56	Halali, Kasai	Halali	sje.rajasthan.gov.in PageID=67 (state list, English page)
OBC	56	Halali, Kasai	Kasai	sje.rajasthan.gov.in PageID=67 (state list, English page)
OBC	57	Dangi	Dangi	sje.rajasthan.gov.in PageID=67 (state list, English page)
OBC	58	Lodhe - Tanwar	Lodhe - Tanwar	sje.rajasthan.gov.in PageID=67 (state list, English page)
OBC	59	Sondhia	Sondhia	sje.rajasthan.gov.in PageID=67 (state list, English page)
OBC	60	Vishnoi	Vishnoi	sje.rajasthan.gov.in PageID=67 (state list, English page)
OBC	61	Mev	Mev	sje.rajasthan.gov.in PageID=67 (state list, English page)
OBC	62	Gaddee	Gaddee	sje.rajasthan.gov.in PageID=67 (state list, English page)
OBC	63	Farooki Bhatiyara	Farooki Bhatiyara	sje.rajasthan.gov.in PageID=67 (state list, English page)
OBC	64	Silawat (other than Sompura and Murtikaar)	Silawat	sje.rajasthan.gov.in PageID=67 (state list, English page)
OBC	64	Silawat (other than Sompura and Murtikaar)	other than Sompura and Murtikaar	sje.rajasthan.gov.in PageID=67 (state list, English page)
OBC	65	Kherwa	Kherwa	sje.rajasthan.gov.in PageID=67 (state list, English page)
OBC	66	Dhobi (Muslim)	Dhobi	sje.rajasthan.gov.in PageID=67 (state list, English page)
OBC	66	Dhobi (Muslim)	Muslim	sje.rajasthan.gov.in PageID=67 (state list, English page)
OBC	67	Kayamkhani	Kayamkhani	sje.rajasthan.gov.in PageID=67 (state list, English page)
OBC	68	Kunjada, Raen	Kunjada	sje.rajasthan.gov.in PageID=67 (state list, English page)
OBC	68	Kunjada, Raen	Raen	sje.rajasthan.gov.in PageID=67 (state list, English page)
OBC	69	Sapera (Non Hindu Caste)	Sapera	sje.rajasthan.gov.in PageID=67 (state list, English page)
OBC	69	Sapera (Non Hindu Caste)	Non Hindu Caste	sje.rajasthan.gov.in PageID=67 (state list, English page)
OBC	70	Madari, Bazigar (Non Hindu Caste)	Madari	sje.rajasthan.gov.in PageID=67 (state list, English page)
OBC	70	Madari, Bazigar (Non Hindu Caste)	Bazigar	sje.rajasthan.gov.in PageID=67 (state list, English page)
OBC	70	Madari, Bazigar (Non Hindu Caste)	Non Hindu Caste	sje.rajasthan.gov.in PageID=67 (state list, English page)
OBC	71	Nut (Non Hindu Caste)	Nut	sje.rajasthan.gov.in PageID=67 (state list, English page)
OBC	71	Nut (Non Hindu Caste)	Non Hindu Caste	sje.rajasthan.gov.in PageID=67 (state list, English page)
OBC	72	Gadeet Nagauri	Gadeet Nagauri	sje.rajasthan.gov.in PageID=67 (state list, English page)
OBC	73	Sindhi Musalman	Sindhi Musalman	sje.rajasthan.gov.in PageID=67 (state list, English page)
OBC	74	Kheldar	Kheldar	sje.rajasthan.gov.in PageID=67 (state list, English page)
OBC	75	Chungar	Chungar	sje.rajasthan.gov.in PageID=67 (state list, English page)
OBC	76	Ratth	Ratth	sje.rajasthan.gov.in PageID=67 (state list, English page)
OBC	77	Multanies	Multanies	sje.rajasthan.gov.in PageID=67 (state list, English page)
OBC	78	Orphan Children	Orphan Children	sje.rajasthan.gov.in PageID=67 (state list, English page)
OBC	79	Mochi (Non Hindu Caste)	Mochi	sje.rajasthan.gov.in PageID=67 (state list, English page)
OBC	79	Mochi (Non Hindu Caste)	Non Hindu Caste	sje.rajasthan.gov.in PageID=67 (state list, English page)
OBC	80	Deshwali	Deshwali	sje.rajasthan.gov.in PageID=67 (state list, English page)
OBC	81	Kotwal / Kotwal	Kotwal / Kotwal	sje.rajasthan.gov.in PageID=67 (state list, English page)
OBC	82	Chobdaar	Chobdaar	sje.rajasthan.gov.in PageID=67 (state list, English page)
MBC	1	Gujar, Gurjar	Gujar	Rajasthan Backward Classes (Amendment) Act 2019
MBC	1	Gujar, Gurjar	Gurjar	Rajasthan Backward Classes (Amendment) Act 2019
MBC	2	Banjara, Baldia, Labana	Banjara	Rajasthan Backward Classes (Amendment) Act 2019
MBC	2	Banjara, Baldia, Labana	Baldia	Rajasthan Backward Classes (Amendment) Act 2019
MBC	2	Banjara, Baldia, Labana	Labana	Rajasthan Backward Classes (Amendment) Act 2019
MBC	3	Gadia-Lohar, Gadolia	Gadia-Lohar	Rajasthan Backward Classes (Amendment) Act 2019
MBC	3	Gadia-Lohar, Gadolia	Gadia Lohar	Rajasthan Backward Classes (Amendment) Act 2019
MBC	3	Gadia-Lohar, Gadolia	Gadolia	Rajasthan Backward Classes (Amendment) Act 2019
MBC	4	Raika, Rebari, Debasi	Raika	Rajasthan Backward Classes (Amendment) Act 2019
MBC	4	Raika, Rebari, Debasi	Rebari	Rajasthan Backward Classes (Amendment) Act 2019
MBC	4	Raika, Rebari, Debasi	Debasi	Rajasthan Backward Classes (Amendment) Act 2019
MBC	5	Gadaria, Gadri, Gayari	Gadaria	Rajasthan Backward Classes (Amendment) Act 2019
MBC	5	Gadaria, Gadri, Gayari	Gadri	Rajasthan Backward Classes (Amendment) Act 2019
MBC	5	Gadaria, Gadri, Gayari	Gayari	Rajasthan Backward Classes (Amendment) Act 2019
